draws1,draws2,draws3,max,ismax1,ismax2,ismax3
0.004941052904652366,0.017310286536312926,0.014427595093663736,0.017310286536312926,0,1,0
0.010498126670308947,0.026586517156999223,0.02301560954728785,0.026586517156999223,0,1,0
0.0072507461029891,0.021407873441192393,0.018194447173973304,0.021407873441192393,0,1,0
0.006272807756103702,0.01972940438463636,0.016645500667847115,0.01972940438463636,0,1,0
0.003599918431483423,0.01464970788920664,0.012012038736994364,0.01464970788920664,0,1,0
0.0035997436716088582,0.014649341279992845,0.012011707867286262,0.014649341279992845,0,1,0
0.0027170933419745193,0.012706439965697043,0.010267061140760394,0.012706439965697043,0,1,0
0.008694500338949454,0.023773592564610996,0.020389640313921625,0.023773592564610996,0,1,0
0.006288876612354616,0.019757576318545217,0.016671434593252446,0.019757576318545217,0,1,0
0.007055078717237397,0.021077560181497375,0.01788902858811097,0.021077560181497375,0,1,0
0.0021041885651914413,0.01121537482374062,0.008941690308650638,0.01121537482374062,0,1,0
0.011318528918496865,0.027824653962309445,0.024176238645989195,0.027824653962309445,0,1,0
0.00825038762264344,0.023058222087622204,0.01972445853687008,0.023058222087622204,0,1,0
0.003981821449281466,0.015436866586201357,0.0127237880477739,0.015436866586201357,0,1,0
0.0037807463039617787,0.01502581794745139,0.012351790341078594,0.01502581794745139,0,1,0
0.0037914573962002946,0.015047899486152204,0.012371756104827734,0.015047899486152204,0,1,0
0.004538397618887344,0.016539885355178134,0.013725354910734115,0.016539885355178134,0,1,0
0.005810380374492344,0.01890911911291832,0.01589139855387612,0.01890911911291832,0,1,0
0.005267694048025353,0.017920588653744105,0.014985368662109267,0.017920588653744105,0,1,0
0.00446247690868022,0.016392181220246178,0.01359096533684209,0.016392181220246178,0,1,0
0.006359755320776671,0.019881587228825295,0.016785620911512675,0.019881587228825295,0,1,0
0.0034771834361517254,0.014390683994417643,0.011778414567711648,0.014390683994417643,0,1,0
0.004467839726358867,0.01640264149490989,0.013600480008765122,0.01640264149490989,0,1,0
0.004894574714996856,0.017222420080287047,0.014347396115321815,0.017222420080287047,0,1,0
0.005406226921885787,0.018175812030468964,0.01521899291285988,0.018175812030468964,0,1,0
0.007735590774937163,0.022215720102064577,0.0189425678648666,0.022215720102064577,0,1,0
0.0038997680015147532,0.015270003009920088,0.01257269243411636,0.015270003009920088,0,1,0
0.005747224801094442,0.018795584994760122,0.01578718370776194,0.018795584994760122,0,1,0
0.006232199043204235,0.019658113364302867,0.016579883270167427,0.019658113364302867,0,1,0
0.002564798195186014,0.012349093740279572,0.00994826284318732,0.012349093740279572,0,1,0
0.006331191293046426,0.019831660505530677,0.016739644291439797,0.019831660505530677,0,1,0
0.0037029834125407246,0.014864854982575447,0.012206312985583912,0.014864854982575447,0,1,0
0.0027996113251996173,0.012896932885561537,0.010437286089536164,0.012896932885561537,0,1,0
0.010436037429514957,0.02649185587656041,0.022926988180229334,0.02649185587656041,0,1,0
0.011101029394762268,0.027498623849760498,0.023870354163096016,0.027498623849760498,0,1,0
0.007976059282122196,0.0226111227611978,0.01930931686349305,0.0226111227611978,0,1,0
0.004540556035930846,0.016544072695603245,0.01372916597119814,0.016544072695603245,0,1,0
0.003130570406948902,0.01364111189495796,0.01110407526311682,0.01364111189495796,0,1,0
0.0068706587848055825,0.0207638253927568,0.01759920226574828,0.0207638253927568,0,1,0
0.005314690158368773,0.018007403139547927,0.01506481228888509,0.018007403139547927,0,1,0
0.0033398776648695394,0.01409707597184731,0.011513963335240903,0.01409707597184731,0,1,0
0.00563412237938364,0.01859130459449334,0.015599771549090174,0.01859130459449334,0,1,0
0.0023791610519545946,0.011902470369341486,0.00955082100321419,0.011902470369341486,0,1,0
0.009425431532170288,0.024930196212035245,0.021467441926814993,0.024930196212035245,0,1,0
0.004269806664716746,0.016013573751104335,0.013246862722150044,0.016013573751104335,0,1,0
0.006710471670058178,0.0204893381073093,0.017345847464141088,0.0204893381073093,0,1,0
0.004581700651884435,0.016623769720900475,0.01380171365141731,0.016623769720900475,0,1,0
0.0057821725058947535,0.018858456811036203,0.015844889906067534,0.018858456811036203,0,1,0
0.0059440278760446,0.019148148419081402,0.016110935738162354,0.019148148419081402,0,1,0
0.0038012574526779764,0.0150680841374592,0.01239000853843641,0.0150680841374592,0,1,0
0.011301027630571406,0.02779847654529155,0.02415167193641883,0.02779847654529155,0,1,0
0.007637712974624034,0.02205380692818378,0.018792496367712762,0.02205380692818378,0,1,0
0.010145660060806378,0.026047249500685196,0.02251097427871864,0.026047249500685196,0,1,0
0.009151975483341495,0.024500350602542652,0.021066554627180538,0.024500350602542652,0,1,0
0.006267856812153272,0.019720720067205353,0.016637506701025997,0.019720720067205353,0,1,0
0.00969479939815896,0.025350458621797304,0.021859755057519317,0.025350458621797304,0,1,0
0.0030446454501922376,0.013450778477025954,0.010933271175755268,0.013450778477025954,0,1,0
0.003875500947136711,0.015220425609012626,0.012527822054439013,0.015220425609012626,0,1,0
0.002547475100427597,0.012307947771299194,0.00991160051553988,0.012307947771299194,0,1,0
0.004660235996126731,0.016775248893981732,0.013939668331227433,0.016775248893981732,0,1,0
0.005021346864303082,0.017461463409331274,0.014565642373059044,0.017461463409331274,0,1,0
0.00434508876751772,0.016162165582193123,0.013381847274104214,0.016162165582193123,0,1,0
0.00820616043978929,0.022986418627551592,0.019657756309094648,0.022986418627551592,0,1,0
0.004839906843259784,0.017118728802726156,0.014252787931322583,0.017118728802726156,0,1,0
0.004401923431150443,0.016273782276267308,0.013483298262454169,0.016273782276267308,0,1,0
0.005919386920712925,0.01910420131688512,0.016070559447162888,0.01910420131688512,0,1,0
0.0034880617032583537,0.01441376950858587,0.011799224178115008,0.01441376950858587,0,1,0
0.007909741853010221,0.0225024098297025,0.019208444995547146,0.0225024098297025,0,1,0
0.002904144423623451,0.01313529409890514,0.0106505538507886,0.01313529409890514,0,1,0
0.01262966465677802,0.02975938337833322,0.0259950872840897,0.02975938337833322,0,1,0
0.00761017655781162,0.02200815112573978,0.018750191173451388,0.02200815112573978,0,1,0
0.0038934848840078244,0.015257176757118886,0.01256108296436063,0.015257176757118886,0,1,0
0.0015707882762740059,0.009770192243965962,0.007670605407379935,0.009770192243965962,0,1,0
0.00805368885411385,0.022738064253964598,0.019427137682332587,0.022738064253964598,0,1,0
0.007045438194039366,0.021061218549723384,0.017873925903666682,0.021061218549723384,0,1,0
0.00722566685961635,0.02136567937024593,0.018155417517774712,0.02136567937024593,0,1,0
0.007600944739523268,0.021992834308630877,0.018735999575258518,0.021992834308630877,0,1,0
0.002898776983821601,0.013123132688939792,0.010639665636941702,0.013123132688939792,0,1,0
0.004849655866394843,0.01713724764467554,0.014269681801084235,0.01713724764467554,0,1,0
0.0032890735613759735,0.013987361956057199,0.011415246414364996,0.013987361956057199,0,1,0
0.008650462858104445,0.02370310404119837,0.020324046661497303,0.02370310404119837,0,1,0
0.006436513764563202,0.02001542531472227,0.016908904829966393,0.02001542531472227,0,1,0
0.00469220603206426,0.016836675081585418,0.013995633983388125,0.016836675081585418,0,1,0
0.002782385901418996,0.012857341824113293,0.01040189162386373,0.012857341824113293,0,1,0
0.004577483334407324,0.016615611553707287,0.013794286250718156,0.016615611553707287,0,1,0
0.004659390880942984,0.016773623267892494,0.013938187402117892,0.016773623267892494,0,1,0
0.007230680940977794,0.021374118532720178,0.018163223407655305,0.021374118532720178,0,1,0
0.006534041761857291,0.020184801575569712,0.017064996585721134,0.020184801575569712,0,1,0
0.009021012497791402,0.02429330119460083,0.02087359096079888,0.02429330119460083,0,1,0
0.005499723394187894,0.018346914277825775,0.01537573321710035,0.018346914277825775,0,1,0
0.003319908017531904,0.01405402165552793,0.011475217848852906,0.01405402165552793,0,1,0
0.0070964190235053804,0.02114756375867338,0.01795373268410397,0.02114756375867338,0,1,0
0.007503408308469761,0.021830688720480506,0.018585801033173074,0.021830688720480506,0,1,0
0.006034285982075845,0.019308656759463437,0.01625845142275414,0.019308656759463437,0,1,0
0.0075980784815084254,0.0219880777472632,0.018731592561911828,0.0219880777472632,0,1,0
0.005625983275417123,0.018576555903539602,0.015586245744517224,0.018576555903539602,0,1,0
0.005798191853408991,0.018887237314137557,0.015871309816759237,0.018887237314137557,0,1,0
0.005242524309941104,0.017873993730851537,0.01494274005555588,0.017873993730851537,0,1,0
0.0022115083499015037,0.011487475875232706,0.009182570933301002,0.011487475875232706,0,1,0
0.003221302926260442,0.013840064382106347,0.011282801894071784,0.013840064382106347,0,1,0
0.002327399199645777,0.01177558585325884,0.00943811930773571,0.01177558585325884,0,1,0
0.00652611416463607,0.02017106163636614,0.017052331314245335,0.02017106163636614,0,1,0
0.004596993216859114,0.0166533318497114,0.01382862980398645,0.0166533318497114,0,1,0
0.005713446726046461,0.018734706428406103,0.0157313185914031,0.018734706428406103,0,1,0
0.009390416032513992,0.024875338737803305,0.021416259027453952,0.024875338737803305,0,1,0
0.004212334352268416,0.015899548590559316,0.013143337340644172,0.015899548590559316,0,1,0
0.005144715534223348,0.017692256060424006,0.014776541453728,0.017692256060424006,0,1,0
0.007455897420542816,0.021751492261370294,0.018512463462705016,0.021751492261370294,0,1,0
0.004085955452057338,0.01564696756275856,0.012914196654652937,0.01564696756275856,0,1,0
0.0029296286015904767,0.013192923517442659,0.010702160225365345,0.013192923517442659,0,1,0
0.004453813623451585,0.016375274601744202,0.013575587933830022,0.016375274601744202,0,1,0
0.0036373411600236407,0.014728071141491906,0.012082776132055861,0.014728071141491906,0,1,0
0.009882514154519082,0.025641549668899286,0.022131693204367912,0.025641549668899286,0,1,0
0.00797306151430878,0.022606213959639396,0.01930476151528891,0.022606213959639396,0,1,0
0.006505404264469798,0.020135144550107714,0.01701922595863427,0.020135144550107714,0,1,0
0.00877223947286206,0.023897793434545386,0.020505242775906686,0.023897793434545386,0,1,0
0.007925371008491626,0.022528052955609612,0.019232236062821186,0.022528052955609612,0,1,0
0.003812813959136273,0.015091863555849547,0.012411513828948199,0.015091863555849547,0,1,0
0.009112140857087794,0.024437455960322433,0.021007929245095133,0.024437455960322433,0,1,0
0.005898872106321569,0.019067570968778386,0.0160369098438884,0.019067570968778386,0,1,0
0.007965713408057074,0.022594179393601668,0.019293593725953028,0.022594179393601668,0,1,0
0.009174490815158106,0.024535868122520694,0.02109966488369298,0.024535868122520694,0,1,0
0.004618049089025067,0.01669398273696537,0.013865647435842234,0.01669398273696537,0,1,0
0.003239902857868238,0.013880599954782209,0.011319239754201649,0.013880599954782209,0,1,0
0.004080558394917178,0.015636123132512135,0.012904364298870496,0.015636123132512135,0,1,0
0.005240049953899784,0.017869409353356736,0.014938546303654342,0.017869409353356736,0,1,0
0.008082322979954861,0.022784802525646766,0.01947052731536153,0.022784802525646766,0,1,0
0.00861701220670343,0.02364949713428095,0.020274169620517063,0.02364949713428095,0,1,0
0.0016501936116697525,0.009996803132711217,0.007868936131634908,0.009996803132711217,0,1,0
0.005726410569290745,0.01875808425700074,0.01575276986408765,0.01875808425700074,0,1,0
0.00518473603485158,0.017766747999253513,0.014844650798966911,0.017766747999253513,0,1,0
0.004043939296042176,0.015562415587441364,0.012837548141547257,0.015562415587441364,0,1,0
0.0033221332750626585,0.014058823821342553,0.01147953899222908,0.014058823821342553,0,1,0
0.004730687509101955,0.016910432825573713,0.01406285294333524,0.016910432825573713,0,1,0
0.010246187330425116,0.026201528499407024,0.02265528947365245,0.026201528499407024,0,1,0
0.004648000958649096,0.01675170477878565,0.01391822081396759,0.01675170477878565,0,1,0
0.005774505890099354,0.018844674311873637,0.015832238753499726,0.018844674311873637,0,1,0
0.007015164881673691,0.02100986061320795,0.017826466229851762,0.02100986061320795,0,1,0
0.004879037650095381,0.01719298805028481,0.014320538426421319,0.01719298805028481,0,1,0
0.011422795511675063,0.027980406743366056,0.02432243227631627,0.027980406743366056,0,1,0
0.010954653200693805,0.027278326961724456,0.023663775040759668,0.027278326961724456,0,1,0
0.004227475950051031,0.015929639528739624,0.013170652494532024,0.015929639528739624,0,1,0
0.005646342925666316,0.018613436904332693,0.015620070037062795,0.018613436904332693,0,1,0
0.004518832529211329,0.016501899239364032,0.013690785243880678,0.016501899239364032,0,1,0
0.004424954460632805,0.01631887710078083,0.01352429939218059,0.01631887710078083,0,1,0
0.0024206641247630917,0.012003443238206056,0.009640574807977647,0.012003443238206056,0,1,0
0.006344559586313536,0.01985503506829527,0.016761168622678874,0.01985503506829527,0,1,0
0.005678460667740778,0.018671534606713162,0.015673361196870423,0.018671534606713162,0,1,0
0.002633194254874783,0.012510536054235178,0.010092203557415988,0.012510536054235178,0,1,0
0.004388398833310644,0.01624726485888142,0.013459191681086481,0.01624726485888142,0,1,0
0.00940430969605869,0.024897111774059212,0.02143657288409447,0.024897111774059212,0,1,0
0.0041527403843101005,0.015780764814270046,0.013035545644330258,0.015780764814270046,0,1,0
0.0035179940042227727,0.014477161127718251,0.011856378582893491,0.014477161127718251,0,1,0
0.005600441800799993,0.018530230141017928,0.015543765512937976,0.018530230141017928,0,1,0
0.012490945393302916,0.029557022380114845,0.02580456324821835,0.029557022380114845,0,1,0
0.004168078246407585,0.015811390654772422,0.013063332098524772,0.015811390654772422,0,1,0
0.006780562934574081,0.020609673485561315,0.0174568933864329,0.020609673485561315,0,1,0
0.0075110544843460855,0.02184342104933888,0.018597592885888185,0.02184342104933888,0,1,0
0.004140869910286944,0.015757036477412556,0.013014019761446706,0.015757036477412556,0,1,0
0.007219059141290014,0.02135455542807222,0.018145128591426526,0.02135455542807222,0,1,0
0.004902654853980642,0.017237714562010665,0.014361354024432013,0.017237714562010665,0,1,0
0.006497866615249236,0.02012206370789771,0.017007170028708708,0.02012206370789771,0,1,0
0.0065062698307085725,0.020136646369352047,0.017020610137615643,0.020136646369352047,0,1,0
0.0058771205760991835,0.019028690248658893,0.01600119741746127,0.019028690248658893,0,1,0
0.003061836355763208,0.013489012064658674,0.010967567498490222,0.013489012064658674,0,1,0
0.00828506401228481,0.023114446502038675,0.01977669674524958,0.023114446502038675,0,1,0
0.004634052721055872,0.01672483937203499,0.013893750225713025,0.01672483937203499,0,1,0
0.00381246733271238,0.015091150674250008,0.012410869088619533,0.015091150674250008,0,1,0
0.002481819550499159,0.012151030849579142,0.009771869977975042,0.012151030849579142,0,1,0
0.0062223526567281055,0.019640806651311116,0.016563956103550964,0.019640806651311116,0,1,0
0.006820724011371394,0.020678460903081775,0.017520388206403812,0.020678460903081775,0,1,0
0.0020016740419583853,0.010950298199614635,0.008707480042464506,0.010950298199614635,0,1,0
0.005734436575470302,0.01877254953175252,0.01576604390783393,0.01877254953175252,0,1,0
0.004071542027141339,0.015617995570407309,0.012887929573967326,0.015617995570407309,0,1,0
0.0065870558584149854,0.02027655925526484,0.01714959086375042,0.02027655925526484,0,1,0
0.003729653545755884,0.014920189951756424,0.012256311906859725,0.014920189951756424,0,1,0
0.006921562288235201,0.020850661784886253,0.01767939520165836,0.020850661784886253,0,1,0
0.005010318040418807,0.017440744216868635,0.014546717977192975,0.017440744216868635,0,1,0
0.010067696002399611,0.025927331808610454,0.022398832530796314,0.025927331808610454,0,1,0
0.0034620929625745426,0.014358617482021531,0.011749513340925775,0.014358617482021531,0,1,0
0.004750425075209605,0.01694818874267911,0.014097269270099192,0.01694818874267911,0,1,0
0.0032689804414274444,0.013943803902994212,0.011376069973537661,0.013943803902994212,0,1,0
0.009760461160005925,0.025452443921189352,0.021955011053478534,0.025452443921189352,0,1,0
0.008861920336065133,0.02404070970297936,0.020638306299697436,0.02404070970297936,0,1,0
0.0042647518643754755,0.016003565584701732,0.013237774114113301,0.016003565584701732,0,1,0
0.006692175134114164,0.020457865892329462,0.017316811266554526,0.020457865892329462,0,1,0
0.00807340113797858,0.0227702446529666,0.019457011919684773,0.0227702446529666,0,1,0
0.005996471065312356,0.019241498165177652,0.016196719772634798,0.019241498165177652,0,1,0
0.005839945676385498,0.0189621392018178,0.015940080071225507,0.0189621392018178,0,1,0
0.004166831400548738,0.015808902427589,0.013061074421935076,0.015808902427589,0,1,0
0.0030883725790889567,0.013547878046724696,0.011020385581893118,0.013547878046724696,0,1,0
0.00919471887115561,0.0245677580182395,0.02112939562340215,0.0245677580182395,0,1,0
0.009253381569126744,0.024660137120171944,0.021215531968856123,0.024660137120171944,0,1,0
0.006503327555002835,0.0201315410714934,0.01701590477276048,0.0201315410714934,0,1,0
0.004738780426654898,0.016925919874658267,0.014076969513140847,0.016925919874658267,0,1,0
0.0047969184954372674,0.017036926608375514,0.014178178109967365,0.017036926608375514,0,1,0
0.0072002441644241945,0.021322864980997978,0.01811581871513551,0.021322864980997978,0,1,0
0.009192813029397034,0.02456475420949782,0.021126595102051608,0.02456475420949782,0,1,0
0.00901890407874337,0.02428996138547355,0.020870479101195716,0.02428996138547355,0,1,0
0.007683514220947068,0.022129644561140235,0.018862779623421293,0.022129644561140235,0,1,0
0.006565107101057685,0.02023859632021293,0.017114588819813953,0.02023859632021293,0,1,0
0.00300220128748165,0.013356043214145932,0.010848322898196315,0.013356043214145932,0,1,0
0.0036402494195543643,0.014734149298669825,0.012088263919443504,0.014734149298669825,0,1,0
0.009219044353671484,0.024606083247265677,0.02116512877855021,0.024606083247265677,0,1,0
0.00632382132870872,0.019818767816135452,0.01672777279870842,0.019818767816135452,0,1,0
0.001753761044245751,0.010285693098294404,0.00812232407445347,0.010285693098294404,0,1,0
0.003164861895165725,0.013716544232351023,0.011171816623195881,0.013716544232351023,0,1,0
0.006717555146497921,0.02050151582252977,0.017357083320286994,0.02050151582252977,0,1,0
0.0015420288032609842,0.009686942408280526,0.007597842738128864,0.009686942408280526,0,1,0
0.0036343881830554424,0.014721897802479567,0.012077202572663837,0.014721897802479567,0,1,0
0.005956485835737079,0.019170346218517494,0.016131332113276265,0.019170346218517494,0,1,0
0.006928890652624827,0.020863148074706944,0.0176909278673818,0.020863148074706944,0,1,0
0.006634894897247054,0.02035917453826341,0.01722577635317778,0.02035917453826341,0,1,0
0.00405755852662404,0.015589854753609904,0.012862419292759119,0.015589854753609904,0,1,0
0.007087860742465769,0.02113308119264249,0.01794034544692773,0.02113308119264249,0,1,0
0.004138470138351657,0.015752236716210545,0.013009665783189633,0.015752236716210545,0,1,0
0.004660634753161057,0.01677601589213531,0.013940367062201683,0.01677601589213531,0,1,0
0.0073753825034180084,0.021616955901000587,0.0183879158209311,0.021616955901000587,0,1,0
0.006618423296911785,0.020330748736892463,0.01719956076141278,0.020330748736892463,0,1,0
0.00846114980791597,0.02339897594357189,0.020041163363304627,0.02339897594357189,0,1,0
0.006675159665037218,0.02042857477722358,0.01728978976995683,0.02042857477722358,0,1,0
0.006078354738435124,0.019386762655247528,0.01633026254360807,0.019386762655247528,0,1,0
0.0030937151062397556,0.013559707370217954,0.011031001610628276,0.013559707370217954,0,1,0
0.004902272109982732,0.01723699026738778,0.014360693006930228,0.01723699026738778,0,1,0
0.004308387706348102,0.016089832526867423,0.013316127496813133,0.016089832526867423,0,1,0
0.004179944954261991,0.015835059622745482,0.013084809201236487,0.015835059622745482,0,1,0
0.011494728742132861,0.028087659168213323,0.024423126351828608,0.028087659168213323,0,1,0
0.00504645407599258,0.017508577048070954,0.014608680267752304,0.017508577048070954,0,1,0
0.00910324115336148,0.024423394408860665,0.02099482331798683,0.024423394408860665,0,1,0
0.006489867772681382,0.020108177633227562,0.016994372480293604,0.020108177633227562,0,1,0
0.007832815940791587,0.022375991100395447,0.019091179586862614,0.022375991100395447,0,1,0
0.005678212211403523,0.018671085561694487,0.015672949261967186,0.018671085561694487,0,1,0
0.0061327013343710005,0.019482851187126077,0.016418631660558486,0.019482851187126077,0,1,0
0.00561846009756022,0.01856291749111522,0.015573738766120547,0.01856291749111522,0,1,0
0.0038706158664131443,0.015210432649590603,0.01251877909264512,0.015210432649590603,0,1,0
0.007171298268212718,0.02127406478074049,0.018070689397076713,0.02127406478074049,0,1,0
0.004400965810437184,0.016271905571937376,0.013481592091444299,0.016271905571937376,0,1,0
0.0021883139462638705,0.011429114531643823,0.009130867041544238,0.011429114531643823,0,1,0
0.0065891547490660686,0.020280187590377766,0.01715293641784671,0.020280187590377766,0,1,0
0.003748553704230717,0.014959321342299317,0.012291677704453498,0.014959321342299317,0,1,0
0.010173422498185541,0.026089894915253264,0.02255086100632578,0.026089894915253264,0,1,0
0.010612467278882865,0.026760475910982805,0.023178511866829076,0.026760475910982805,0,1,0
0.009540108941270825,0.025109488245041382,0.021634766843006255,0.025109488245041382,0,1,0
0.004916157284139622,0.01726325465481684,0.014384664006955946,0.01726325465481684,0,1,0
0.0019696105342170973,0.010866288666625278,0.008633348285582269,0.010866288666625278,0,1,0
0.009848132324484381,0.025588340140106396,0.022081972274230557,0.025588340140106396,0,1,0
0.005246198019858384,0.017880798967158502,0.014948965559661112,0.017880798967158502,0,1,0
0.01115067546911128,0.02757317932793214,0.0239402864645846,0.02757317932793214,0,1,0
0.01100718513925713,0.027357470478919076,0.023737980461614377,0.027357470478919076,0,1,0
0.008511320312373592,0.023479750517288796,0.02011627545067374,0.023479750517288796,0,1,0
0.004481322282584361,0.016428921293217682,0.01362438593508958,0.016428921293217682,0,1,0
0.005001017771273486,0.01742326109543381,0.014530750473463198,0.01742326109543381,0,1,0
0.00848637289534535,0.0234396012229128,0.02007893889774862,0.0234396012229128,0,1,0
0.004611810033282702,0.016681943788481292,0.013854683863013867,0.016681943788481292,0,1,0
0.0036957819517260963,0.014849889909113427,0.01219279328084814,0.014849889909113427,0,1,0
0.0060064076086928505,0.019259157597998768,0.016212950885718013,0.019259157597998768,0,1,0
0.010051881319456965,0.025902978320669404,0.022376061584177036,0.025902978320669404,0,1,0
0.006960711297387717,0.02091732104394092,0.01774096821942581,0.02091732104394092,0,1,0
0.006089392527265701,0.01940629899059394,0.01634822720296951,0.01940629899059394,0,1,0
0.0031260452778302844,0.013631135642219837,0.01109511823782769,0.013631135642219837,0,1,0
0.006380781522114321,0.01991829629211836,0.016819430141888452,0.01991829629211836,0,1,0
0.013050590177855622,0.030370286922573805,0.02657064090091957,0.030370286922573805,0,1,0
0.003481677978077468,0.01440022523390413,0.011787014885868505,0.01440022523390413,0,1,0
0.005771741222376638,0.018839702820624166,0.015827675493758925,0.018839702820624166,0,1,0
0.008862445004669399,0.024041544685833454,0.02063908384748884,0.024041544685833454,0,1,0
0.0073255894343698825,0.021533546916926515,0.018310722381959788,0.021533546916926515,0,1,0
0.0069683417822261505,0.020930300944867353,0.017752959090751915,0.020930300944867353,0,1,0
0.007010967359845268,0.0210027346089587,0.017819881661586046,0.0210027346089587,0,1,0
0.004855492359226504,0.01714832869284256,0.014279791097790259,0.01714832869284256,0,1,0
0.0044763100378701175,0.016419154606656675,0.013615501178425766,0.016419154606656675,0,1,0
0.007986517485866772,0.0226282439483327,0.01932520569987742,0.0226282439483327,0,1,0
0.007994708717958132,0.02264164955876082,0.019337646880281837,0.02264164955876082,0,1,0
0.008707501965419251,0.023794385338763817,0.020408991267795343,0.023794385338763817,0,1,0
0.009505864454015397,0.025056007594170704,0.02158484903771271,0.025056007594170704,0,1,0
0.005729958669485161,0.01876447976266349,0.015758638613294025,0.01876447976266349,0,1,0
0.005671573675822062,0.018659085242991345,0.015661940909588157,0.018659085242991345,0,1,0
0.007868831540182152,0.022435221016284257,0.019146116242431812,0.022435221016284257,0,1,0
0.006620761045391674,0.02033478435442898,0.017203282459862326,0.02033478435442898,0,1,0
0.007006913326429514,0.02099585103871656,0.01781352123345688,0.02099585103871656,0,1,0
0.007842913193874252,0.0223926042498378,0.019106587694083764,0.0223926042498378,0,1,0
0.00906814390582211,0.024367905384779898,0.020943109383151037,0.024367905384779898,0,1,0
0.004732861736317155,0.016914594385228625,0.014066646154007238,0.016914594385228625,0,1,0
0.004946977167721648,0.017321467287869218,0.01443780210457224,0.017321467287869218,0,1,0
0.0030965768487379985,0.013566040752941754,0.011036685680582822,0.013566040752941754,0,1,0
0.0061414538242452405,0.019498302314712574,0.01643284402304997,0.019498302314712574,0,1,0
0.002405190310988597,0.011965875111973888,0.009607173935136257,0.011965875111973888,0,1,0
0.005461315602822563,0.018276736443277604,0.015311434589813476,0.018276736443277604,0,1,0
0.005919071726295695,0.01910363881039954,0.016070042683338174,0.01910363881039954,0,1,0
0.004434960932061811,0.016338445722688805,0.013542093968070448,0.016338445722688805,0,1,0
0.006221966843717623,0.019640128352820512,0.016563331890958106,0.019640128352820512,0,1,0
0.0023105002884725263,0.011733926471086087,0.009401137291988977,0.011733926471086087,0,1,0
0.0024281271738544577,0.012021529569208373,0.009656657823389921,0.012021529569208373,0,1,0
0.008134556246702328,0.022869944126745582,0.01954958184875852,0.022869944126745582,0,1,0
0.004859473125070048,0.01715588404599059,0.0142866841323605,0.01715588404599059,0,1,0
0.0033803041261934717,0.014183956940097024,0.011592175471354847,0.014183956940097024,0,1,0
0.005795246187082007,0.018881946921581592,0.015866453154884486,0.018881946921581592,0,1,0
0.007588892514879004,0.021972830235197877,0.018717465925765748,0.021972830235197877,0,1,0
0.004004072362297156,0.015481914403113393,0.012764598566813369,0.015481914403113393,0,1,0
0.006433757298166142,0.02001062724803691,0.016904484254774588,0.02001062724803691,0,1,0
0.0030140955352140337,0.01338263992448995,0.010872167426285266,0.01338263992448995,0,1,0
0.0026358669881676867,0.012516812569883996,0.010097802544780106,0.012516812569883996,0,1,0
0.005850269335636387,0.018980633624017307,0.015957063129067996,0.018980633624017307,0,1,0
0.005906772700347484,0.019081682477636724,0.016049872569259205,0.019081682477636724,0,1,0
0.006533159363803534,0.02018327246441575,0.017063587047883536,0.02018327246441575,0,1,0
0.007201370110894643,0.021324762097272125,0.018117573248599528,0.021324762097272125,0,1,0
0.011673434556755647,0.0283534109342501,0.024672711790909074,0.0283534109342501,0,1,0
0.00575958261963569,0.01881783031118512,0.015807599935851256,0.01881783031118512,0,1,0
0.004646582801579268,0.016748974492593636,0.013915733789356316,0.016748974492593636,0,1,0
0.007836668798614421,0.02238233095897953,0.01909705950326246,0.02238233095897953,0,1,0
0.004342011149348114,0.016156107780592746,0.013376342556925106,0.016156107780592746,0,1,0
0.005307919651426565,0.01799491102774285,0.015053379277147049,0.01799491102774285,0,1,0
0.0029448949416645853,0.013227358650737514,0.010733004489508214,0.013227358650737514,0,1,0
0.0022100902883203217,0.011483914654308681,0.009179415350353923,0.011483914654308681,0,1,0
0.01096355540100942,0.02729174538890882,0.02367635545352981,0.02729174538890882,0,1,0
0.00829335118719343,0.02312787388389664,0.0197891732158988,0.02312787388389664,0,1,0
0.006960281559015556,0.020916589912200672,0.017740292810943744,0.020916589912200672,0,1,0
0.005136578639564633,0.017677088196810437,0.014762675478986563,0.017677088196810437,0,1,0
0.0037222365652054995,0.01490481499272863,0.012242418264203622,0.01490481499272863,0,1,0
0.0036029480303715208,0.01465606236345869,0.0120177738285784,0.01465606236345869,0,1,0
0.004218120209089545,0.015911051088394693,0.013153778355287951,0.015911051088394693,0,1,0
0.005959524066774656,0.019175757662533394,0.016136304624503432,0.019175757662533394,0,1,0
0.007107302345382193,0.021165973618615965,0.017970750975901076,0.021165973618615965,0,1,0
0.00669370961302175,0.020460506339507783,0.01731924723386136,0.020460506339507783,0,1,0
0.004396011935016399,0.016262195028310656,0.013472764143492875,0.016262195028310656,0,1,0
0.01064714402845727,0.026813140914627196,0.02322784054028215,0.026813140914627196,0,1,0
0.007300899556889237,0.021492129184996055,0.018272397577218193,0.021492129184996055,0,1,0
0.005991220563106429,0.01923216330420484,0.016188140303308344,0.01923216330420484,0,1,0
0.0063588765238767764,0.019880052180979876,0.01678420720804192,0.019880052180979876,0,1,0
0.005197212512568016,0.017789933982384157,0.014865853955466456,0.017789933982384157,0,1,0
0.0042028188223330746,0.015880619899743226,0.013126156570450579,0.015880619899743226,0,1,0
0.004835461431719446,0.017110280510904227,0.014245081352604072,0.017110280510904227,0,1,0
0.007476637325766538,0.021786081237515367,0.018544491659723838,0.021786081237515367,0,1,0
0.0019379601571221233,0.010782823542682953,0.008559743232618156,0.010782823542682953,0,1,0
0.0032907714157450916,0.01399103823621694,0.011418553295760057,0.01399103823621694,0,1,0
0.0025584897273781696,0.012334121999729511,0.00993492146748962,0.012334121999729511,0,1,0
0.002481113013458581,0.012149333715337055,0.009770359484613115,0.012149333715337055,0,1,0
0.008544368290185258,0.023532887789564985,0.02016569559117577,0.023532887789564985,0,1,0
0.007020185452097234,0.021018382276052152,0.017834340588746417,0.021018382276052152,0,1,0
0.0055111193161039105,0.018367707454146606,0.015394787447414921,0.018367707454146606,0,1,0
0.00313204727163878,0.01364436671686391,0.011106997659468088,0.01364436671686391,0,1,0
0.005613154746339633,0.01855329629863662,0.015564916092452278,0.01855329629863662,0,1,0
0.0055070337126906415,0.018360254327915725,0.015387957472288914,0.018360254327915725,0,1,0
0.00372159609719092,0.014903486845817885,0.012241218126510783,0.014903486845817885,0,1,0
0.00527860069807647,0.017940757687960013,0.015003823062858555,0.017940757687960013,0,1,0
0.005077173084618686,0.017566120278567764,0.014661255769779839,0.017566120278567764,0,1,0
0.006386416240541319,0.019928127713088703,0.016828485577732585,0.019928127713088703,0,1,0
0.006517031926366206,0.020155314477240636,0.017037816462657035,0.020155314477240636,0,1,0
0.0025485702112005787,0.012310552011925498,0.009913920694072185,0.012310552011925498,0,1,0
0.004941464761027046,0.017311063963407272,0.014428304799992488,0.017311063963407272,0,1,0
0.006453875420295626,0.02004563212763917,0.016936736584480003,0.02004563212763917,0,1,0
0.005681170491249312,0.01867643178796286,0.015677853704469318,0.01867643178796286,0,1,0
0.008558382763401068,0.023555404730860183,0.02018663928499839,0.023555404730860183,0,1,0
0.006682905978135716,0.020441912286354568,0.01730209353381191,0.020441912286354568,0,1,0
0.0036495484873123735,0.014753572731868302,0.0121058018382398,0.014753572731868302,0,1,0
0.0028613230627794963,0.01303803918695986,0.01056350193857994,0.01303803918695986,0,1,0
0.006567809411882026,0.020243272285432608,0.017118899871536166,0.020243272285432608,0,1,0
0.002233821000323566,0.011543393628461691,0.009232129617951947,0.011543393628461691,0,1,0
0.006189377584099539,0.019582787779388884,0.01651056833071589,0.019582787779388884,0,1,0
0.010166780593947143,0.026079695079264477,0.022541320672234293,0.026079695079264477,0,1,0
0.0061236239696333995,0.01946681957461609,0.01640388609019375,0.01946681957461609,0,1,0
0.005018465370004159,0.017456051513904745,0.014560699140254029,0.017456051513904745,0,1,0
0.006573873467270047,0.020253763222277812,0.017128572312989733,0.020253763222277812,0,1,0
0.005418826669024772,0.018198923253107714,0.01524015873149937,0.018198923253107714,0,1,0
0.005937306009396912,0.019136165450738707,0.016099925840827565,0.019136165450738707,0,1,0
0.010202964199551329,0.026135241126622796,0.02259327760991734,0.026135241126622796,0,1,0
0.0050067247844132684,0.01743399065388416,0.014540549758522366,0.01743399065388416,0,1,0
0.010899990360087,0.027195873813496668,0.02358647833203971,0.027195873813496668,0,1,0
0.009346990388312448,0.024807231419377063,0.021352722358819014,0.024807231419377063,0,1,0
0.0038742357189695755,0.015217837860745435,0.012525480274954265,0.015217837860745435,0,1,0
0.0028480640835334722,0.013007817415108503,0.010536460655935444,0.013007817415108503,0,1,0
0.00315865379149278,0.013702909883805334,0.011159570379526675,0.013702909883805334,0,1,0
0.0020454314778868936,0.011064087036175783,0.008807963375909328,0.011064087036175783,0,1,0
0.003100862461029324,0.013575521382397319,0.011045194700864572,0.013575521382397319,0,1,0
0.006861425593442944,0.020748054614515357,0.017584640189988985,0.020748054614515357,0,1,0
0.00286807925870686,0.013053419056325682,0.0105772650684031,0.013053419056325682,0,1,0
0.004623654742884698,0.016704794957474924,0.013875494308870697,0.016704794957474924,0,1,0
0.008404783489080197,0.0233080718724367,0.019956649322091125,0.0233080718724367,0,1,0
0.002165705871235637,0.011371995263499225,0.009080283944260447,0.011371995263499225,0,1,0
0.008042637762075108,0.02272001384911266,0.019410381890235813,0.02272001384911266,0,1,0
0.004407356035281851,0.01628442631827572,0.013492975348472483,0.01628442631827572,0,1,0
0.0033081340422658582,0.014028594060245389,0.01145233907022426,0.014028594060245389,0,1,0
0.006966184134264482,0.02092663107400247,0.01774956880805672,0.02092663107400247,0,1,0
0.006474860018655163,0.02008211042997419,0.016970350133610743,0.02008211042997419,0,1,0
0.008863985258578863,0.024043995844212154,0.02064136640933227,0.024043995844212154,0,1,0
0.007276791169192075,0.02145164862922389,0.018234944162750438,0.02145164862922389,0,1,0
0.007923340618602599,0.022524722435207048,0.019229145999278247,0.022524722435207048,0,1,0
0.004408416969642939,0.016286504490916728,0.013494864779925451,0.016286504490916728,0,1,0
0.0037508105953915865,0.014963989527272256,0.012295897108921148,0.014963989527272256,0,1,0
0.007411763691200008,0.021677798002443044,0.01844423506428881,0.021677798002443044,0,1,0
0.00795919042009419,0.022583493628605955,0.019283677877395964,0.022583493628605955,0,1,0
0.013120650317101187,0.030471521823625697,0.02666607277704909,0.030471521823625697,0,1,0
0.005157435566478651,0.017715952141779526,0.014798205198541196,0.017715952141779526,0,1,0
0.004926723594502832,0.01728322539909194,0.014402892527245977,0.01728322539909194,0,1,0
0.007650003370990052,0.02207416976290353,0.018811366446023773,0.02207416976290353,0,1,0
0.004748922784519435,0.016945316798346658,0.01409465117609724,0.016945316798346658,0,1,0
0.009909339215683384,0.025683031453090317,0.022170459131963544,0.025683031453090317,0,1,0
0.008584788220647548,0.0235978032858256,0.020226078517989125,0.0235978032858256,0,1,0
0.005250825146952507,0.01788936820288429,0.014956805007575635,0.01788936820288429,0,1,0
0.007414039567282407,0.021681601263692125,0.01844775590798028,0.021681601263692125,0,1,0
0.007446830615267418,0.02173636260149789,0.018498454856045607,0.02173636260149789,0,1,0
0.0031795628828037506,0.01374879257973841,0.011200785345450777,0.01374879257973841,0,1,0
0.009293395170806133,0.024723060687107754,0.021274213419514024,0.024723060687107754,0,1,0
0.0056937233181242955,0.018699107881941075,0.015698656953399743,0.018699107881941075,0,1,0
0.008179322666016684,0.022942795744783386,0.01961723835990481,0.022942795744783386,0,1,0
0.004629844501779414,0.016716728855745183,0.013886363207964571,0.016716728855745183,0,1,0
0.009164342718517985,0.024519862521509103,0.021084743765365645,0.024519862521509103,0,1,0
0.0050243250900470614,0.01746705594549146,0.014570750708716195,0.01746705594549146,0,1,0
0.0018184660001077666,0.010462634032511289,0.008277815978336897,0.010462634032511289,0,1,0
0.009347598336331257,0.024808185472490245,0.021353612320336807,0.024808185472490245,0,1,0
0.003071291324452562,0.013510007340769849,0.010986403763400774,0.013510007340769849,0,1,0
0.004625603160696335,0.016708552080119437,0.013878916084188845,0.016708552080119437,0,1,0
0.01047574459932338,0.0265524096348512,0.022983676361488375,0.0265524096348512,0,1,0
0.010494431743590871,0.026580887797556362,0.023010338908325035,0.026580887797556362,0,1,0
0.006110721525234803,0.019444020209851264,0.016382916966678165,0.019444020209851264,0,1,0
0.006494653397012869,0.020116486131327216,0.01700202961244375,0.020116486131327216,0,1,0
0.005362310113377032,0.018095125868725068,0.015145112122939244,0.018095125868725068,0,1,0
0.0044740804769425446,0.016414809009164113,0.013611548102153224,0.016414809009164113,0,1,0
0.004679389767339416,0.016812066658769605,0.013973211510169609,0.016812066658769605,0,1,0
0.006783381583652489,0.020614505078806265,0.01746135281486733,0.020614505078806265,0,1,0
0.007427423424213194,0.021703960641248667,0.018468455683510136,0.021703960641248667,0,1,0
0.007799819198874403,0.0223216597132515,0.019040793756114883,0.0223216597132515,0,1,0
0.007779991693087601,0.02228898175086801,0.01901049227860384,0.02228898175086801,0,1,0
0.003070529232718809,0.013508315941591293,0.0109848862158536,0.013508315941591293,0,1,0
0.005629663316144057,0.01858322523496423,0.015592362004589341,0.01858322523496423,0,1,0
0.002710644099041927,0.012691461931312136,0.010253684916579091,0.012691461931312136,0,1,0
0.005961387766056116,0.019179076716445746,0.016139354506818762,0.019179076716445746,0,1,0
0.005322593048454402,0.01802197830263354,0.01507815239380226,0.01802197830263354,0,1,0
0.009029234362318207,0.02430632294788719,0.02088572417511389,0.02430632294788719,0,1,0
0.004806643257945754,0.01705545232866634,0.014195072902634706,0.01705545232866634,0,1,0
0.0032990429786443824,0.014008938606892424,0.011434655911389226,0.014008938606892424,0,1,0
0.003503694934380692,0.014446901733582462,0.011829094219283064,0.014446901733582462,0,1,0
0.00751005487495709,0.021841756717365247,0.01859605146735503,0.021841756717365247,0,1,0
0.006402283727778106,0.019955799449204902,0.016853974676132148,0.019955799449204902,0,1,0
0.0031617418911384578,0.013709693225359504,0.011165663001175788,0.013709693225359504,0,1,0
0.0030018733307364187,0.013355309328347626,0.010847665003710807,0.013355309328347626,0,1,0
0.006999106034694561,0.020982591380750034,0.0178012696418613,0.020982591380750034,0,1,0
0.0028850869287738055,0.013092076638438924,0.010611864328470378,0.013092076638438924,0,1,0
0.008126049965790456,0.022856088878767646,0.019536716016351704,0.022856088878767646,0,1,0
0.007040568781282046,0.021052961983901518,0.017866295577620362,0.021052961983901518,0,1,0
0.002974338733910207,0.013293589221969987,0.010792345449423242,0.013293589221969987,0,1,0
0.003009085783924451,0.013371442286040562,0.010862128070244687,0.013371442286040562,0,1,0
0.012600958734031796,0.02971755055498603,0.02595569618802691,0.02971755055498603,0,1,0
0.0049395228330691736,0.017307398166146116,0.014424958344400803,0.017307398166146116,0,1,0
0.0049189047363656264,0.01726844876557444,0.01438940485620226,0.01726844876557444,0,1,0
0.00802416763948755,0.022689830305364693,0.019382364872952997,0.022689830305364693,0,1,0
0.010382131237473183,0.026409556003161153,0.022849953014868397,0.026409556003161153,0,1,0
0.012529103675835448,0.029612739146565824,0.02585701449829703,0.029612739146565824,0,1,0
0.00743639092396114,0.021718935604291948,0.018482319843294938,0.021718935604291948,0,1,0
0.004950820865163644,0.017328719143197818,0.014444422621497192,0.017328719143197818,0,1,0
0.0029958661180627217,0.013341861512871384,0.010835610139256244,0.013341861512871384,0,1,0
0.007657073803955165,0.02208587998312303,0.01882221867220905,0.02208587998312303,0,1,0
0.006016376610918929,0.01927686588138009,0.016229227829194347,0.01927686588138009,0,1,0
0.0052235751185745315,0.017838868175049413,0.014910609255634474,0.017838868175049413,0,1,0
0.009366551745917866,0.024837920967437525,0.021381351171788562,0.024837920967437525,0,1,0
0.0032496889158552867,0.01390189373566801,0.011338384081251868,0.01390189373566801,0,1,0
0.005619092194862506,0.018564063606081118,0.015574789777679787,0.018564063606081118,0,1,0
0.0018373700774935553,0.01051384261249026,0.008322857929888478,0.01051384261249026,0,1,0
0.005479076431875554,0.01830920754170887,0.015341183436893256,0.01830920754170887,0,1,0
0.0026950722582707656,0.012655242269330574,0.010221343703210472,0.012655242269330574,0,1,0
0.0033135222499245985,0.014040234650617303,0.011462812454666361,0.014040234650617303,0,1,0
0.0033028510854183056,0.014017174313028595,0.011442064999324902,0.014017174313028595,0,1,0
0.0066154408677252564,0.02032559961284298,0.01719481223789674,0.02032559961284298,0,1,0
0.007371468435619594,0.02161040516961579,0.01838185260919593,0.02161040516961579,0,1,0
0.006173941312837219,0.019555596358116028,0.01648555070316904,0.019555596358116028,0,1,0
0.010942562005749572,0.027260097412500774,0.023646684485320247,0.027260097412500774,0,1,0
0.004942930271276715,0.017313830117898048,0.014430830014986936,0.017313830117898048,0,1,0
0.004430084120570667,0.016328910462433895,0.013533422972229137,0.016328910462433895,0,1,0
0.008729821528512574,0.02383006045313343,0.020442194780187824,0.02383006045313343,0,1,0
0.004053319776463055,0.015581318118271086,0.012854681270980349,0.015581318118271086,0,1,0
0.010989210552070753,0.027330400818878435,0.023712598541663486,0.027330400818878435,0,1,0
0.0018655439641732635,0.010589767146027914,0.008389672888952057,0.010589767146027914,0,1,0
0.011316851868108678,0.027822145953884145,0.024173884905146315,0.027822145953884145,0,1,0
0.002517517474844168,0.012236541545949216,0.009847997864071882,0.012236541545949216,0,1,0
0.009087638101639244,0.024398732824081053,0.020971838738346817,0.024398732824081053,0,1,0
0.005828154083266889,0.01894100288550041,0.01592067228839097,0.01894100288550041,0,1,0
0.013568838086705918,0.031116244384319165,0.02727419657055712,0.031116244384319165,0,1,0
0.0028961376714294364,0.013117149572687914,0.010634309179865319,0.013117149572687914,0,1,0
0.005988123802352506,0.019226656421846067,0.016183079168261623,0.019226656421846067,0,1,0
0.011285986065813223,0.027775970356139157,0.024130551508840508,0.027775970356139157,0,1,0
0.005800388875359459,0.018891182615073204,0.01587493171951687,0.018891182615073204,0,1,0
0.00647797101264914,0.020087515422772356,0.016975330972589225,0.020087515422772356,0,1,0
0.006958538754667286,0.02091362467371603,0.01773755358277039,0.02091362467371603,0,1,0
0.0053974091473741916,0.0181596279778724,0.015204172192252662,0.0181596279778724,0,1,0
0.00646542189720654,0.02006570810684953,0.016955235474159794,0.02006570810684953,0,1,0
0.006180000175911724,0.019566271630040346,0.016495372293987946,0.019566271630040346,0,1,0
0.009267166409729412,0.024681822544562755,0.02123575450490296,0.024681822544562755,0,1,0
0.0025505993450052225,0.012315376298999568,0.009918218863779419,0.012315376298999568,0,1,0
0.004402092797936432,0.016274114180089633,0.013483600008059472,0.016274114180089633,0,1,0
0.01048770374224512,0.02657063616212832,0.023000740689767915,0.02657063616212832,0,1,0
0.009072556870687741,0.024374885419230656,0.020949614188579855,0.024374885419230656,0,1,0
0.005403843107750609,0.018171437612141274,0.015214986908593207,0.018171437612141274,0,1,0
0.006415153501724103,0.019978228525389243,0.01687463622146417,0.019978228525389243,0,1,0
0.004380908809139061,0.016232567722040653,0.013445831886120072,0.016232567722040653,0,1,0
0.003823226531981695,0.015113268012749495,0.012430873322698459,0.015113268012749495,0,1,0
0.005450312835676278,0.01825660431224734,0.015292991956127681,0.01825660431224734,0,1,0
0.004820534186171119,0.01708189373545732,0.014219188622261335,0.01708189373545732,0,1,0
0.006175781825629757,0.019558839537076496,0.01648853449627244,0.019558839537076496,0,1,0
0.0029374527943657664,0.013210580134012077,0.010717974872162438,0.013210580134012077,0,1,0
0.011579494867680454,0.028213837374096284,0.02454161395889935,0.028213837374096284,0,1,0
0.012552354703437655,0.029646669617565385,0.025888958719402343,0.029646669617565385,0,1,0
0.006977231637470076,0.02094541795776473,0.01776692479175813,0.02094541795776473,0,1,0
0.0058790789514087845,0.01903219261543292,0.016004414197815526,0.01903219261543292,0,1,0
0.004569059969339187,0.016599309683394813,0.013779445350754711,0.016599309683394813,0,1,0
0.008035168815768759,0.022707810523469745,0.019399054243453052,0.022707810523469745,0,1,0
0.006874416304811996,0.02077024168313805,0.017605126989106875,0.02077024168313805,0,1,0
0.0036472903580127562,0.01474885764083395,0.012101544310033617,0.01474885764083395,0,1,0
0.009458027543176121,0.024981215598835507,0.021515049322995233,0.024981215598835507,0,1,0
0.008133827804358961,0.022868757776274444,0.01954848019925116,0.022868757776274444,0,1,0
0.010466827418324758,0.026538815871279067,0.022970949792940985,0.026538815871279067,0,1,0
0.007198284860395423,0.021319563532691016,0.018112765417933614,0.021319563532691016,0,1,0
0.006370157373689537,0.019899752362647797,0.016802350612903832,0.019899752362647797,0,1,0
0.005189477506335525,0.017775561499156572,0.014852710371705834,0.017775561499156572,0,1,0
0.009960217397963763,0.025761629941498013,0.022243920867884053,0.025761629941498013,0,1,0
0.008692876828894278,0.02377099559271024,0.020387223488480963,0.02377099559271024,0,1,0
0.002547352003595211,0.012307655013021924,0.009911339692754229,0.012307655013021924,0,1,0
0.0022309077332819545,0.011536105078801413,0.009225668850900896,0.011536105078801413,0,1,0
0.004951978441066825,0.0173309027753291,0.014446416184724763,0.0173309027753291,0,1,0
0.007999511005375609,0.02264950713323898,0.019344939359048775,0.02264950713323898,0,1,0
0.012675876969401163,0.029826681489768924,0.026058463012279064,0.029826681489768924,0,1,0
0.0035590035243435155,0.01456370722782169,0.011934438209011314,0.01456370722782169,0,1,0
0.006243327368128664,0.01967766350976656,0.016597876081164326,0.01967766350976656,0,1,0
0.004977126025812011,0.017378300711833522,0.014489692545612606,0.017378300711833522,0,1,0
0.011318774762702545,0.027825021611727507,0.02417658368220578,0.027825021611727507,0,1,0
0.008369712751870628,0.023251428878749064,0.01990399738874896,0.023251428878749064,0,1,0
0.008322288745259615,0.023174731743334415,0.01983271586656662,0.023174731743334415,0,1,0
0.005479265156961752,0.01830955240176823,0.015341499403331299,0.01830955240176823,0,1,0
0.005169973028129469,0.017739290104077547,0.01481954337955971,0.017739290104077547,0,1,0
0.004357331024624481,0.01618624848936907,0.013403732770309986,0.01618624848936907,0,1,0
0.0026959736529028186,0.012657341012426064,0.010223217517703664,0.012657341012426064,0,1,0
0.008673561974225627,0.023740089537356276,0.020358462451886692,0.023740089537356276,0,1,0
0.008025286614020672,0.02269165945563111,0.019384062669131376,0.02269165945563111,0,1,0
0.01804822820154672,0.03733009880733281,0.03316382475519016,0.03733009880733281,0,1,0
0.014644664844984372,0.03264462945918322,0.028718204843557343,0.03264462945918322,0,1,0
0.005997903569814122,0.019244044585485707,0.016199060177640764,0.019244044585485707,0,1,0
0.007579430189794994,0.021957118607650386,0.01870290988861963,0.021957118607650386,0,1,0
0.01030316675256822,0.026288805011457948,0.022736949333380614,0.026288805011457948,0,1,0
0.008466716631328043,0.023407944888181674,0.020049502845677632,0.023407944888181674,0,1,0
0.004200482550306476,0.015875970304424357,0.013121936544655112,0.015875970304424357,0,1,0
0.005374384413607938,0.018117329803975523,0.015165441189189527,0.018117329803975523,0,1,0
0.0033969673725197727,0.014219661123261732,0.011624327225852828,0.014219661123261732,0,1,0
0.010616963990884408,0.026767307666634245,0.023184910544399157,0.026767307666634245,0,1,0
0.006322142417205386,0.019815830180186608,0.01672506791161513,0.019815830180186608,0,1,0
0.004084984344245283,0.01564501664915341,0.012912427778562238,0.01564501664915341,0,1,0
0.006777364386934201,0.020604189983024518,0.017451832339729745,0.020604189983024518,0,1,0
0.006401680823502554,0.019954748398660453,0.0168530064887966,0.019954748398660453,0,1,0
0.004847930992284342,0.01713397201494747,0.014266693510070007,0.01713397201494747,0,1,0
0.0032696892270087452,0.01394534203386602,0.011377453228176328,0.01394534203386602,0,1,0
0.006776427180512266,0.02060258311984903,0.01745034928663435,0.02060258311984903,0,1,0
0.005783611890047581,0.018861043813220818,0.01584726461718286,0.018861043813220818,0,1,0
0.007610875264695406,0.022009310162233835,0.018751265087044906,0.022009310162233835,0,1,0
0.00578274587187797,0.01885948734403998,0.015845835870410132,0.01885948734403998,0,1,0
0.008500259210240146,0.02346195317254468,0.020099724492764707,0.02346195317254468,0,1,0
0.00597607178682135,0.019205216486337176,0.01616337552118826,0.019205216486337176,0,1,0
0.00603216844950626,0.019304899413507513,0.01625499734658599,0.019304899413507513,0,1,0
0.008851276056697407,0.024023767049955347,0.02062252938605257,0.024023767049955347,0,1,0
0.005105468112259946,0.017619025467875412,0.01470960355356744,0.017619025467875412,0,1,0
0.003435024404571782,0.014300974855754251,0.011697572307358628,0.014300974855754251,0,1,0
0.0022783452915598546,0.011654330850049497,0.009330507233754339,0.011654330850049497,0,1,0
0.007452172286487052,0.02174527680532342,0.018506708480542897,0.02174527680532342,0,1,0
0.006416344863326441,0.019980304124790862,0.016876548324276645,0.019980304124790862,0,1,0
0.007023504878904675,0.021024015543937027,0.017839546058992278,0.021024015543937027,0,1,0
0.003985825058197093,0.015444978315210281,0.012731136159291176,0.015444978315210281,0,1,0
0.003453253954667628,0.014339812242072383,0.011732566526018113,0.014339812242072383,0,1,0
0.0019425577290489897,0.01079498151060006,0.00857046204036825,0.01079498151060006,0,1,0
0.004804776351122814,0.01705189679736911,0.014191830291276646,0.01705189679736911,0,1,0
0.006216051878105087,0.019629727673129902,0.01655376070308186,0.019629727673129902,0,1,0
0.0050416049845534525,0.017499483540022658,0.014600372837620867,0.017499483540022658,0,1,0
0.005299344796273847,0.017979082606265056,0.015038893548110686,0.017979082606265056,0,1,0
0.009323992127950681,0.02477112834902386,0.021319046000238366,0.02477112834902386,0,1,0
0.004791476232556327,0.017026553800092745,0.014168719012166021,0.017026553800092745,0,1,0
0.005745760897513789,0.018792948854956044,0.01578476442160944,0.018792948854956044,0,1,0
0.007720529125570614,0.022190841830608016,0.018919504959944582,0.022190841830608016,0,1,0
0.005066025217924393,0.01754525073602777,0.014642186600769162,0.01754525073602777,0,1,0
0.006428327290401536,0.020001173685931777,0.016895774648205002,0.020001173685931777,0,1,0
0.00863998378134699,0.023686316599665372,0.020308426579434706,0.023686316599665372,0,1,0
0.010457369709515104,0.026524394934268333,0.022957449193481288,0.026524394934268333,0,1,0
0.003534257012041599,0.014511524350979299,0.01188736825439548,0.014511524350979299,0,1,0
0.009805793910773889,0.025522751611288804,0.02202069157687156,0.025522751611288804,0,1,0
0.005616098295095059,0.018558634734772504,0.015569811424819027,0.018558634734772504,0,1,0
0.004266577848177273,0.01600718136493192,0.01324105762876506,0.01600718136493192,0,1,0
0.005423926061585275,0.018208272124420718,0.015248721144467601,0.018208272124420718,0,1,0
0.011975414158131392,0.028800275059242392,0.025092658207186612,0.028800275059242392,0,1,0
0.005619050938778581,0.018563988802009962,0.015574721180645632,0.018563988802009962,0,1,0
0.004679889576365399,0.016813026747308314,0.013974086273688192,0.016813026747308314,0,1,0
0.006505384322452815,0.020135109948592297,0.017019194067593255,0.020135109948592297,0,1,0
0.0041563354325770486,0.015787946609625972,0.013042061267723669,0.015787946609625972,0,1,0
0.00291797283865326,0.013166588282179767,0.010678575273619621,0.013166588282179767,0,1,0
0.00339475450179983,0.01421492319085593,0.011620060363122268,0.01421492319085593,0,1,0
0.0033881431633537786,0.014200761292497368,0.011607307127001577,0.014200761292497368,0,1,0
0.00356992109300976,0.014586688817017903,0.011955171870984379,0.014586688817017903,0,1,0
0.00347209532114547,0.014379877467089536,0.011768674234762017,0.014379877467089536,0,1,0
0.0065570523553889,0.02022465538042297,0.017101736193474073,0.02022465538042297,0,1,0
0.003781120684618471,0.015026590116617344,0.01235248848888248,0.015026590116617344,0,1,0
0.004776706515557195,0.016998383986181028,0.014143032523105168,0.016998383986181028,0,1,0
0.009187009054373575,0.02455560552380788,0.021118065683372763,0.02455560552380788,0,1,0
0.005509884327133001,0.01836545471641775,0.015392723040989978,0.01836545471641775,0,1,0
0.006747025971789143,0.020552141237267278,0.017403797532840347,0.020552141237267278,0,1,0
0.0037154787295876207,0.014890797208220277,0.012229751920729946,0.014890797208220277,0,1,0
0.0038510416914274573,0.015170348315513107,0.012482509628737768,0.015170348315513107,0,1,0
0.002483243221863091,0.012154450015246338,0.009774913173615203,0.012154450015246338,0,1,0
0.0036918803392005342,0.014841777917102823,0.012185465170984334,0.014841777917102823,0,1,0
0.004388066758856486,0.01624661342835614,0.01345859950904583,0.01624661342835614,0,1,0
0.00374786575786647,0.014957898192273777,0.012290391388823669,0.014957898192273777,0,1,0
0.003046664206504452,0.01345527235546023,0.010937301903585741,0.01345527235546023,0,1,0
0.0033284436186136134,0.014072435511810083,0.01149178781231311,0.014072435511810083,0,1,0
0.005433421484178393,0.01822567310530549,0.015264659046757013,0.01822567310530549,0,1,0
0.0039431411842822,0.015358353448000277,0.012652679840312956,0.015358353448000277,0,1,0
0.004882679032881763,0.017199888648347532,0.014326835175725585,0.017199888648347532,0,1,0
0.005682836360921013,0.018679441985420084,0.0156806151942758,0.018679441985420084,0,1,0
0.006917413539979467,0.020843591333727454,0.017672864930050634,0.020843591333727454,0,1,0
0.002459262751530876,0.012096757235163819,0.009723573195312278,0.012096757235163819,0,1,0
0.007880461719426966,0.02245433156293447,0.019163843349339252,0.02245433156293447,0,1,0
0.006467753073253728,0.020069760066016407,0.016958969264401137,0.020069760066016407,0,1,0
0.002978467099172707,0.01330285636853199,0.010800650347087302,0.01330285636853199,0,1,0
0.008804147148253172,0.023948686131275616,0.020552621843867167,0.023948686131275616,0,1,0
0.00967196659042782,0.025314953325037262,0.02182659734502928,0.025314953325037262,0,1,0
0.00275323664287347,0.012790137417242654,0.010341829704823034,0.012790137417242654,0,1,0
0.004377925848102218,0.016226712164330706,0.01344050937386138,0.016226712164330706,0,1,0
0.007952382308074688,0.02257233821093966,0.01927332650186565,0.02257233821093966,0,1,0
0.007390931646244743,0.021642969851271676,0.01841199481998306,0.021642969851271676,0,1,0
0.003799006488864987,0.015063449527540069,0.012385817433951627,0.015063449527540069,0,1,0
0.003962613620699706,0.015397911038893583,0.012688503420248737,0.015397911038893583,0,1,0
0.004917938380786995,0.01726662195760597,0.014387737453027646,0.01726662195760597,0,1,0
0.005571533205797514,0.018477718824051914,0.015495621352346355,0.018477718824051914,0,1,0
0.006402530141790531,0.019956229017415433,0.016854370378743273,0.019956229017415433,0,1,0
0.004909080936341841,0.017249872413035904,0.014372449992580444,0.017249872413035904,0,1,0
0.005443577601441213,0.01824427441373153,0.015281697430745027,0.01824427441373153,0,1,0
0.007383986159585977,0.021631351857273846,0.018401240777527864,0.021631351857273846,0,1,0
0.0024173484491155613,0.011995401022861578,0.009633423988961382,0.011995401022861578,0,1,0
0.004231449722215512,0.015937530664560683,0.013177816285766251,0.015937530664560683,0,1,0
0.007097261909728444,0.02114898984457945,0.01795505094334687,0.02114898984457945,0,1,0
0.00915871108961433,0.0245109782977959,0.02107646173556842,0.0245109782977959,0,1,0
0.00573195698352073,0.01876808122233631,0.01576194349959002,0.01876808122233631,0,1,0
0.005854871705541914,0.018988875392773295,0.01596463171500906,0.018988875392773295,0,1,0
0.0032150667850664627,0.013826455000882847,0.011270570026007672,0.013826455000882847,0,1,0
0.005356369545425364,0.018084195796329784,0.015135105559315373,0.018084195796329784,0,1,0
0.005857928805031345,0.018994348856925688,0.01596965822373499,0.018994348856925688,0,1,0
0.0041706279166848475,0.01581647804619894,0.013067948185710655,0.01581647804619894,0,1,0
0.004332538873285366,0.01613745419408322,0.013359392946773067,0.01613745419408322,0,1,0
0.004956640828782074,0.017339696180168195,0.014454444356203406,0.017339696180168195,0,1,0
0.0020918297659048134,0.011183693491026069,0.00891367429599646,0.011183693491026069,0,1,0
0.004641533410659735,0.016739251029811376,0.013906876882533592,0.016739251029811376,0,1,0
0.003976106574798311,0.015425282869350168,0.01271329525795916,0.015425282869350168,0,1,0
0.0046726876498192115,0.016799189277901964,0.013961478890459822,0.016799189277901964,0,1,0
0.0033212862547260247,0.014056996063151717,0.011477894303926851,0.014056996063151717,0,1,0
0.009077065247905641,0.024382015445516773,0.020956258879591374,0.024382015445516773,0,1,0
0.006239834354436212,0.019671528130796506,0.016592229318375784,0.019671528130796506,0,1,0
0.006832180391826358,0.02069806173992828,0.017538483252843656,0.02069806173992828,0,1,0
0.007775492619195368,0.022281563557999734,0.019003613926185593,0.022281563557999734,0,1,0
0.005653392434555101,0.01862619740104047,0.015631773929834225,0.01862619740104047,0,1,0
0.0030294495683756023,0.013416916741648566,0.010902902533535581,0.013416916741648566,0,1,0
0.005885232574816924,0.019043195482165556,0.01601452012130174,0.019043195482165556,0,1,0
0.006196226185781728,0.01959484530087757,0.016521662611373632,0.01959484530087757,0,1,0
0.007366169611758595,0.021601535293834417,0.018373643020687346,0.021601535293834417,0,1,0
0.005266061566233795,0.017917568675815135,0.014982605537515655,0.017917568675815135,0,1,0
0.0033844431292764207,0.014192831332455799,0.011600166349630944,0.014192831332455799,0,1,0
0.004418684272747375,0.016306607723941755,0.013513143065070565,0.016306607723941755,0,1,0
0.004875924661368152,0.017187087477649868,0.014315154325796617,0.017187087477649868,0,1,0
0.006592274837723029,0.02028558063731669,0.017157909214766617,0.02028558063731669,0,1,0
0.006093915411130551,0.019414301202028358,0.01635558596963935,0.019414301202028358,0,1,0
0.004836167865224504,0.017111623220457253,0.014246306162904962,0.017111623220457253,0,1,0
0.012586718211044642,0.02969678973895427,0.02593614816799103,0.02969678973895427,0,1,0
0.006319505298738196,0.019811215477304425,0.016720818881284575,0.019811215477304425,0,1,0
0.004138332365087642,0.015751961128906346,0.01300941579412297,0.015751961128906346,0,1,0
0.0031676378543406196,0.013722637736025766,0.011177290040374285,0.013722637736025766,0,1,0
0.00357692368746225,0.014601416459063089,0.011968460166824277,0.014601416459063089,0,1,0
0.00419199007773528,0.01585906150294136,0.01310659063834086,0.01585906150294136,0,1,0
0.0036334822843705414,0.014720003629579554,0.012075492464174067,0.014720003629579554,0,1,0
0.0038127935531000945,0.015091821588839526,0.012411475873323984,0.015091821588839526,0,1,0
0.004426453672468088,0.01632180988062775,0.013526966201053932,0.01632180988062775,0,1,0
0.003722785648519981,0.01490595357129497,0.012243447110513945,0.01490595357129497,0,1,0
0.00918659514937624,0.024554953036070838,0.021117457368644742,0.024554953036070838,0,1,0
0.00296305882209085,0.013268244699413243,0.010769634767869163,0.013268244699413243,0,1,0
0.005808903337851431,0.01890646816368478,0.01588896475368313,0.01890646816368478,0,1,0
0.005144794659821549,0.017692403520118694,0.01477667626044994,0.017692403520118694,0,1,0
0.012171776599967151,0.02908940606928131,0.02536454758656074,0.02908940606928131,0,1,0
0.00325684399427802,0.013917448213999858,0.011352369801532378,0.013917448213999858,0,1,0
0.00507348448246099,0.017559216578928897,0.014654947474675236,0.017559216578928897,0,1,0
0.011294923242619277,0.027789343633924483,0.024143101255375173,0.027789343633924483,0,1,0
0.008684841263281761,0.023758139967535414,0.02037525984778283,0.023758139967535414,0,1,0
0.008071714583925752,0.022767492188140732,0.01945445661196107,0.022767492188140732,0,1,0
0.004264517811381462,0.01600310207998555,0.013237353205988801,0.01600310207998555,0,1,0
0.0037055169068061283,0.014870117348981655,0.01221106732697274,0.014870117348981655,0,1,0
0.006754951559292739,0.020565744959472776,0.01741635144562574,0.020565744959472776,0,1,0
0.009874442001417513,0.025629061412083577,0.022120023223864724,0.025629061412083577,0,1,0
0.006006169194259501,0.019258733985928055,0.016212561525129152,0.019258733985928055,0,1,0
0.006099182433631136,0.019423617753913037,0.01636415362983865,0.019423617753913037,0,1,0
0.004396279055224634,0.01626271872697357,0.013473240233835098,0.01626271872697357,0,1,0
0.007584180542172693,0.02196500697020174,0.018710217986302024,0.02196500697020174,0,1,0
0.003815997425797374,0.015098409725003993,0.012417434378144934,0.015098409725003993,0,1,0
0.004650741242039333,0.0167569797036939,0.013923025833135332,0.0167569797036939,0,1,0
0.005230506791960782,0.017851721842265855,0.014922366562461306,0.017851721842265855,0,1,0
0.0057077338522018815,0.018724399200957215,0.015721861314681063,0.018724399200957215,0,1,0
0.0041702548413665936,0.015815733708956448,0.013067272798711532,0.015815733708956448,0,1,0
0.003280441501278796,0.013968660932075194,0.011398425481342464,0.013968660932075194,0,1,0
0.006351563202910679,0.019867275124110788,0.016772440427526517,0.019867275124110788,0,1,0
0.004447235925553474,0.016362430846316525,0.013563906621943097,0.016362430846316525,0,1,0
0.0061603148848432135,0.01953157615697475,0.01646345256363682,0.01953157615697475,0,1,0
0.0035878927047140606,0.014624466001349685,0.011989258976267484,0.014624466001349685,0,1,0
0.005551745701309365,0.018441727239620606,0.015462628069024839,0.018441727239620606,0,1,0
0.005857759864429234,0.018994046406459516,0.015969380468578685,0.018994046406459516,0,1,0
0.0026377306286452427,0.01252118763921414,0.010101705467755833,0.01252118763921414,0,1,0
0.004724901986785794,0.016899356090024027,0.014052756937079039,0.016899356090024027,0,1,0
0.0034381254564575803,0.014307586638379067,0.011703529335412561,0.014307586638379067,0,1,0
0.002780254131941418,0.012852435845604533,0.010397506246148634,0.012852435845604533,0,1,0
0.013036433403637122,0.030349815598135547,0.026551344921060916,0.030349815598135547,0,1,0
0.00464311455438582,0.016742296160597848,0.01390965059399714,0.016742296160597848,0,1,0
0.007992104027907114,0.02263738718343975,0.01933369110417489,0.02263738718343975,0,1,0
0.004244805405651867,0.015964034382653047,0.0132018788702236,0.015964034382653047,0,1,0
0.006850132392464375,0.020728756894547444,0.01756682238667239,0.020728756894547444,0,1,0
0.007498314349707186,0.021822204295039935,0.01857794353440507,0.021822204295039935,0,1,0
0.006253126655371095,0.01969487023082259,0.016613713052600627,0.01969487023082259,0,1,0
0.005496010120187717,0.01834013610454347,0.015369522204440782,0.01834013610454347,0,1,0
0.005153013754653916,0.017707716862202287,0.014790676018682747,0.017707716862202287,0,1,0
0.004794971808904175,0.017033216710713617,0.014174794962538664,0.017033216710713617,0,1,0
0.00987828138320338,0.025635001563356876,0.02212557411673453,0.025635001563356876,0,1,0
0.008228527459815456,0.023022744931181335,0.01969150035797443,0.023022744931181335,0,1,0
0.011072289319493079,0.027455426427091124,0.023829839870997457,0.027455426427091124,0,1,0
0.003358160383406001,0.01413641338326261,0.01154937141211519,0.01413641338326261,0,1,0
0.007241264393236115,0.02139192600735991,0.01817969521061808,0.02139192600735991,0,1,0
0.010112662808584031,0.025996524537071918,0.022463535171314473,0.025996524537071918,0,1,0
0.003776722980690346,0.015017518088648237,0.012344286279512362,0.015017518088648237,0,1,0
0.0028160567785324585,0.012934647277173044,0.010471010454650279,0.012934647277173044,0,1,0
0.00732862950709664,0.02153864396296017,0.018315439098631765,0.02153864396296017,0,1,0
0.006117277148949011,0.019455606174827424,0.016393572666722464,0.019455606174827424,0,1,0
0.008366050028224097,0.023245509489148403,0.01989849549606833,0.023245509489148403,0,1,0
0.003479305682197854,0.014395189743501463,0.011782475925623795,0.014395189743501463,0,1,0
0.007837503173758462,0.022383703805569914,0.019098332765620108,0.022383703805569914,0,1,0
0.00391254463498118,0.015296063348617304,0.01259628261536934,0.015296063348617304,0,1,0
0.0036546732388268504,0.01476426973182309,0.012115461136121702,0.01476426973182309,0,1,0
0.00365899733521395,0.01477329146851906,0.01212360807227594,0.01477329146851906,0,1,0
0.008043817920236597,0.022721941795742526,0.019412171524242242,0.022721941795742526,0,1,0
0.006729847013848757,0.020522638801735455,0.017376573542755038,0.020522638801735455,0,1,0
0.005800193716079877,0.018890832176309352,0.015874610004457935,0.018890832176309352,0,1,0
0.004851732098777857,0.017141190027475037,0.014273278407532177,0.017141190027475037,0,1,0
0.00885976165330715,0.024037274133350876,0.020635107064632053,0.024037274133350876,0,1,0
0.005042747045257323,0.01750162549763131,0.014602329610747472,0.01750162549763131,0,1,0
0.00806641214811612,0.02275883755928307,0.019446422022910286,0.02275883755928307,0,1,0
0.005308856685753732,0.017996640225549733,0.01505496184045573,0.017996640225549733,0,1,0
0.004954711056099625,0.017336056890140117,0.014451121737690252,0.017336056890140117,0,1,0
0.0054444170355907075,0.018245811386984206,0.015283105313766376,0.018245811386984206,0,1,0
0.004521740608484061,0.01650754874561401,0.013695926298241965,0.01650754874561401,0,1,0
0.007385204097950528,0.02163338937439783,0.01840312675381667,0.02163338937439783,0,1,0
0.005678705793757869,0.018671977626816105,0.015673767605385205,0.018671977626816105,0,1,0
0.004107245799269606,0.01568969988335487,0.012952945488096255,0.01568969988335487,0,1,0
0.009237774794228158,0.02463557534823966,0.021192628296415297,0.02463557534823966,0,1,0
0.004994165861569772,0.017410373913966694,0.014518981158153811,0.017410373913966694,0,1,0
0.00592463818202496,0.019113571561379907,0.016079167849421795,0.019113571561379907,0,1,0
0.009368857870840358,0.024841537915126277,0.021384725376415815,0.024841537915126277,0,1,0
0.00644287551411563,0.02002649663749277,0.016919105355021082,0.02002649663749277,0,1,0
0.0032976398811307007,0.014005903308205224,0.011431925345730024,0.014005903308205224,0,1,0
0.010155254265152423,0.026061990331431032,0.02252476114929704,0.026061990331431032,0,1,0
0.006466443082030846,0.020067483143338578,0.016956871125141902,0.020067483143338578,0,1,0
0.004715175797967012,0.01688072482825516,0.014035776272183925,0.01688072482825516,0,1,0
0.003475492031419363,0.014387092275637094,0.011775177156977068,0.014387092275637094,0,1,0
0.007824754354700385,0.022362723007727164,0.019078874374454213,0.022362723007727164,0,1,0
0.006414750680239896,0.01997752670095913,0.01687398968304068,0.01997752670095913,0,1,0
0.005863052486899549,0.01900352041003961,0.015978081044325892,0.01900352041003961,0,1,0
0.009135472111344719,0.024474302272915763,0.021042273443032992,0.024474302272915763,0,1,0
0.007769724432703558,0.022272051076569682,0.01899479388528176,0.022272051076569682,0,1,0
0.00356825025379828,0.014583173272889051,0.011952000045901875,0.014583173272889051,0,1,0
0.00458176424859676,0.016623892726487906,0.013801825640670482,0.016623892726487906,0,1,0
0.004207441777876089,0.015889817859961495,0.013134504993742191,0.015889817859961495,0,1,0
0.007353139181712827,0.021579715561347208,0.01835344842494955,0.021579715561347208,0,1,0
0.002364494232276149,0.011866626172746555,0.009518973764817302,0.011866626172746555,0,1,0
0.006088311535831146,0.01940438615902112,0.016346468206939482,0.01940438615902112,0,1,0
0.007518761826985903,0.021856251553162318,0.018609476067500574,0.021856251553162318,0,1,0
0.008853011661596945,0.0240265300062139,0.02062510219500141,0.0240265300062139,0,1,0
0.004756228223873231,0.016959279931029324,0.014107380388129791,0.016959279931029324,0,1,0
0.008119146669072447,0.02284484169839792,0.019526272333732334,0.02284484169839792,0,1,0
0.003244862466879059,0.01389139458268318,0.011328944474078898,0.01389139458268318,0,1,0
0.008425076222630267,0.023340817626833106,0.01998709110481506,0.023340817626833106,0,1,0
0.0033837140078185565,0.014191268309140567,0.011598758911078715,0.014191268309140567,0,1,0
0.005070255328276989,0.017553171491798983,0.014649423874601674,0.017553171491798983,0,1,0
0.007858446983391519,0.022418150663744914,0.01913028237142399,0.022418150663744914,0,1,0
0.003555322622573515,0.014555953356729849,0.01192744330451663,0.014555953356729849,0,1,0
0.004088787243898333,0.01565265562032864,0.012919354053035896,0.01565265562032864,0,1,0
0.0071696573313012905,0.021271296629753234,0.01806812965718233,0.021271296629753234,0,1,0
0.007151489058612377,0.02124063589336154,0.018039778653330417,0.02124063589336154,0,1,0
0.006558950896828877,0.020227941777178106,0.017104765985915794,0.020227941777178106,0,1,0
0.0069446571340443025,0.020889998604289438,0.01771572911963472,0.020889998604289438,0,1,0
0.005919560673560164,0.01910451139814762,0.016070844313226095,0.01910451139814762,0,1,0
0.004227577739466154,0.015929841693473046,0.013170836022233116,0.015929841693473046,0,1,0
0.004776870407839572,0.016998696726456732,0.014143317678109783,0.016998696726456732,0,1,0
0.003779202237848142,0.015022632996374114,0.012348910731176834,0.015022632996374114,0,1,0
0.009407993505485155,0.024902883341832587,0.021441957816497156,0.024902883341832587,0,1,0
0.006174088798523131,0.019555856254190256,0.016485789811916323,0.019555856254190256,0,1,0
0.005090509516736662,0.017591067920879992,0.014684053168941105,0.017591067920879992,0,1,0
0.005440517576542929,0.0182386709975717,0.015276564709271958,0.0182386709975717,0,1,0
0.010383260277483276,0.026411280832910035,0.022851567378117565,0.026411280832910035,0,1,0
0.003580520160467545,0.014608976548491828,0.011975281773462429,0.014608976548491828,0,1,0
0.006192296111456218,0.01958792657098173,0.016515296547414942,0.01958792657098173,0,1,0
0.005697501664771317,0.018705930291904864,0.015704916204887873,0.018705930291904864,0,1,0
0.006357104712997581,0.01987695706062245,0.01678135677495778,0.01987695706062245,0,1,0
0.0020425294964364544,0.011056570729632613,0.008801323367350839,0.011056570729632613,0,1,0
0.008782184691709972,0.0239136613218958,0.0205200145441964,0.0239136613218958,0,1,0
0.009944328027140759,0.025737094473319438,0.022220987612092527,0.025737094473319438,0,1,0
0.006058410824353621,0.019351435909095452,0.01629778064856575,0.019351435909095452,0,1,0
0.006965515663314837,0.020925494027953965,0.01774851839476781,0.020925494027953965,0,1,0
0.009709177324190089,0.02537280543516612,0.0218806255985636,0.02537280543516612,0,1,0
0.0070484600652671444,0.021066341606222044,0.017878660478641516,0.021066341606222044,0,1,0
0.003574582295963356,0.014596493234477837,0.011964017987019685,0.014596493234477837,0,1,0
0.006128791430738468,0.019475946743514237,0.016412280993298903,0.019475946743514237,0,1,0
0.0063257092188235735,0.019822070831467014,0.0167308141455717,0.019822070831467014,0,1,0
0.005223053867700416,0.01783790138328948,0.01490972494906787,0.01783790138328948,0,1,0
0.007288483328579634,0.021471285749681955,0.018253112297597993,0.021471285749681955,0,1,0
0.010003523893781306,0.025828450842278212,0.0223063841439154,0.025828450842278212,0,1,0
0.009781275606211027,0.025484735936010545,0.02198517662292759,0.025484735936010545,0,1,0
0.005376083856910383,0.018120453733991588,0.015168301467486092,0.018120453733991588,0,1,0
0.0032669937726330363,0.013939492013025872,0.011372192312273384,0.013939492013025872,0,1,0
0.012406104381275818,0.02943299856758769,0.025687825944534795,0.02943299856758769,0,1,0
0.008329355249637325,0.023186167638660025,0.019843343424750397,0.023186167638660025,0,1,0
0.0033611027300771675,0.014142737098264335,0.011555064131249232,0.014142737098264335,0,1,0
0.009671275035325666,0.025313877611995463,0.021825592796433917,0.025313877611995463,0,1,0
0.008748955213759886,0.02386062396080486,0.020470643024270395,0.02386062396080486,0,1,0
0.005774790442672326,0.018845185959911595,0.015832708392119806,0.018845185959911595,0,1,0
0.006224825945129092,0.01964515464627712,0.01656795743137714,0.01964515464627712,0,1,0
0.0050800028525463895,0.01757141548217549,0.014666094402062292,0.01757141548217549,0,1,0
0.0026756620678339907,0.012609985178664681,0.010180942727815778,0.012609985178664681,0,1,0
0.004716845995057128,0.016883925101561698,0.014038692935431085,0.016883925101561698,0,1,0
0.007916686156507452,0.02251380523599789,0.019219017183745073,0.02251380523599789,0,1,0
0.001513418555551988,0.009603475190286202,0.007524943836927384,0.009603475190286202,0,1,0
0.004707118464330979,0.01686528097847059,0.014021701582775508,0.01686528097847059,0,1,0
0.005075263564077899,0.017562546560268667,0.0146579902440015,0.017562546560268667,0,1,0
0.005886994483896636,0.019046345187531566,0.01601741313304092,0.019046345187531566,0,1,0
0.009649050182156263,0.025279296325425287,0.02179330048227586,0.025279296325425287,0,1,0
0.004780580607269254,0.01700577562805952,0.014149772277922466,0.01700577562805952,0,1,0
0.004784045969061795,0.017012385792595622,0.014155799640362848,0.017012385792595622,0,1,0
0.007297512887978203,0.02148644489489111,0.01826713810829068,0.02148644489489111,0,1,0
0.005384021906934527,0.018135041452161743,0.01518165843874109,0.018135041452161743,0,1,0
0.004059668646494295,0.015594103311768187,0.012866270501954834,0.015594103311768187,0,1,0
0.005385298196225774,0.018137386258533315,0.015183805481224657,0.018137386258533315,0,1,0
0.003487551750943652,0.014412687868205966,0.011798249118603927,0.014412687868205966,0,1,0
0.0037435812060999515,0.01494903274519581,0.012282378539835218,0.01494903274519581,0,1,0
0.005652952732735481,0.018625401628241035,0.015631044034334723,0.018625401628241035,0,1,0
0.00519336696027274,0.01778278936897686,0.014859320146309057,0.01778278936897686,0,1,0
0.00953971584667969,0.025108874619503074,0.021634194064121145,0.025108874619503074,0,1,0
0.00487200881525307,0.017179663400959895,0.014308380245345932,0.017179663400959895,0,1,0
0.006156165480211897,0.019524258577479376,0.016456720860067664,0.019524258577479376,0,1,0
0.00649758166911457,0.020121569124735176,0.017006714206568102,0.020121569124735176,0,1,0
0.001896995531116209,0.010673979012745428,0.008463827087293185,0.010673979012745428,0,1,0
0.006717812864200441,0.020501958813195238,0.017357492056386425,0.020501958813195238,0,1,0
0.003754899320108453,0.014972444242811698,0.012303539258605525,0.014972444242811698,0,1,0
0.010894844933145253,0.027188107236105985,0.02357919808407334,0.027188107236105985,0,1,0
0.0035460513618301446,0.014536410898773416,0.011909814889360234,0.014536410898773416,0,1,0
0.005168860313965954,0.017737219554210874,0.014817650177042606,0.017737219554210874,0,1,0
0.0030141171507773166,0.013382688224256012,0.010872210731282883,0.013382688224256012,0,1,0
0.014749484368097272,0.03279218135616554,0.028857781960747477,0.03279218135616554,0,1,0
0.005675593107039086,0.01866635158414141,0.015668606549380418,0.01866635158414141,0,1,0
0.006251476585797872,0.01969197340978523,0.016611046774771203,0.01969197340978523,0,1,0
0.0028226026942044175,0.012949636388744488,0.010484415844912614,0.012949636388744488,0,1,0
0.007405961898311931,0.021668101023310835,0.018435258314396626,0.021668101023310835,0,1,0
0.003966194647132002,0.015405178589754388,0.012695085653136854,0.015405178589754388,0,1,0
0.009209926910006123,0.02459172165989372,0.021151738160029306,0.02459172165989372,0,1,0
0.0039354026009160575,0.015342614383129284,0.012638428240334036,0.015342614383129284,0,1,0
0.0038403828541618635,0.015148491712717135,0.012462735971701203,0.015148491712717135,0,1,0
0.00241516893761227,0.011990112290233272,0.009628721661791547,0.011990112290233272,0,1,0
0.005498863005270632,0.01834534385845459,0.015374294188826238,0.01834534385845459,0,1,0
0.006056580061101821,0.019348191321919325,0.016294797531502484,0.019348191321919325,0,1,0
0.0028071170815998255,0.01291415598021554,0.010452686128532509,0.01291415598021554,0,1,0
0.007641497712381489,0.022060078487610303,0.018798308064656502,0.022060078487610303,0,1,0
0.005390191421172386,0.018146374519711222,0.015192035826362436,0.018146374519711222,0,1,0
0.005808173375905848,0.018905157970153623,0.015887761890865333,0.018905157970153623,0,1,0
0.00531818950382392,0.01801385775580115,0.015070719873379289,0.01801385775580115,0,1,0
0.005090007326626531,0.017590128879620203,0.014683195025653122,0.017590128879620203,0,1,0
0.006024075364293978,0.01929053540146862,0.016241793094669735,0.01929053540146862,0,1,0
0.003594272614527716,0.014637861029752865,0.012001347087003225,0.014637861029752865,0,1,0
0.003781446998228715,0.015027263124935755,0.012353096983615978,0.015027263124935755,0,1,0
0.008631826765913717,0.02367324531869732,0.020296264673069178,0.02367324531869732,0,1,0
0.010345689414756581,0.026353858649545005,0.02279782577794368,0.026353858649545005,0,1,0
0.004934060259859757,0.017297083944576935,0.014415542884305271,0.017297083944576935,0,1,0
0.004341489446743887,0.016155080751317535,0.013375409310546867,0.016155080751317535,0,1,0
0.0065788441790498335,0.020262360539961274,0.017136499100815553,0.020262360539961274,0,1,0
0.0051353339296140365,0.017674767283659534,0.014760553842826084,0.017674767283659534,0,1,0
0.0022108290948860123,0.011485770152776237,0.009181059490049359,0.011485770152776237,0,1,0
0.0036008887864631294,0.014651743375975983,0.012013875801704784,0.014651743375975983,0,1,0
0.0071184249017633,0.021184779842829245,0.017988136578089096,0.021184779842829245,0,1,0
0.006684558717835467,0.020444757370759795,0.01730471816810388,0.020444757370759795,0,1,0
0.002245515834513994,0.011572615166331266,0.009258035631019663,0.011572615166331266,0,1,0
0.004043083136126263,0.015560689610854345,0.01283598379950557,0.015560689610854345,0,1,0
0.004100161877428027,0.015675489867942805,0.012940059314327157,0.015675489867942805,0,1,0
0.006778776706566173,0.020606611317640727,0.01745406712173738,0.020606611317640727,0,1,0
0.0020830171020837806,0.011161057400236294,0.00889366096695311,0.011161057400236294,0,1,0
0.0031882652497207363,0.013767857045470696,0.011217913322215898,0.013767857045470696,0,1,0
0.007885751778134166,0.02246302153545053,0.019171904529307858,0.02246302153545053,0,1,0
0.0037583822416560925,0.014979643774824547,0.01231004709798365,0.014979643774824547,0,1,0
0.006640462352285715,0.020368777891905897,0.01723463351203613,0.020368777891905897,0,1,0
0.004144236205511365,0.015763767802750753,0.013020126061561643,0.015763767802750753,0,1,0
0.003146625338033148,0.013676465347835893,0.01113582070211922,0.013676465347835893,0,1,0
0.004174933576458473,0.015825066827204297,0.013075741519534332,0.015825066827204297,0,1,0
0.007169775419176435,0.02127149584213722,0.018068313870423416,0.02127149584213722,0,1,0
0.008547572855105958,0.023538037412712296,0.02017048531368365,0.023538037412712296,0,1,0
0.008223762200675938,0.02301500792426769,0.01968431308267929,0.02301500792426769,0,1,0
0.005069665769844022,0.017552067686687503,0.014648415304034391,0.017552067686687503,0,1,0
0.006750874693293016,0.02055874788035791,0.017409894273857595,0.02055874788035791,0,1,0
0.0039343946467566915,0.01534056358929648,0.012636571337618694,0.01534056358929648,0,1,0
0.004473711580639994,0.016414089931482665,0.013610893982820836,0.016414089931482665,0,1,0
0.009178873522761173,0.02454277910311342,0.021106107765743475,0.02454277910311342,0,1,0
0.0018939710363197332,0.010665905507971227,0.008456715730608235,0.010665905507971227,0,1,0
0.0030156750196255857,0.013386168935737693,0.010875331526528064,0.013386168935737693,0,1,0
0.0039531788538186095,0.015378752885210387,0.012671152885465565,0.015378752885210387,0,1,0
0.0022342418376919467,0.011544446193385348,0.009233062666700351,0.011544446193385348,0,1,0
0.003778099132048751,0.01502035734230272,0.012346853270340631,0.01502035734230272,0,1,0
0.006171846294529138,0.019551904362143026,0.016482154026165076,0.019551904362143026,0,1,0
0.005207615651307434,0.017809253549482595,0.014883522714239645,0.017809253549482595,0,1,0
0.009114103206300218,0.02444055599050415,0.021010818652683214,0.02444055599050415,0,1,0
0.008075889909764706,0.02277430605356314,0.0194607824372316,0.02277430605356314,0,1,0
0.0047547173243425705,0.016956392665366443,0.014104748212741072,0.016956392665366443,0,1,0
0.004273683339496641,0.01602124664094531,0.013253830883481633,0.01602124664094531,0,1,0
0.004970319412857422,0.017365479213301067,0.014477985198900943,0.017365479213301067,0,1,0
0.006218488262012201,0.019634012086816123,0.016557703381409793,0.019634012086816123,0,1,0
0.004325498266637313,0.016123580507969616,0.01334678746487737,0.016123580507969616,0,1,0
0.006442272107238532,0.020025446669659646,0.01691813795599756,0.020025446669659646,0,1,0
0.005139188590591425,0.017681954192266133,0.014767123731789891,0.017681954192266133,0,1,0
0.005976939511175142,0.019206760559915045,0.01616479450392649,0.019206760559915045,0,1,0
0.005291622156825162,0.017964820447415673,0.015025841923337592,0.017964820447415673,0,1,0
0.00448142089866716,0.016429113417166512,0.01362456071385751,0.016429113417166512,0,1,0
0.010421654817911729,0.02646990804696981,0.022906443116897098,0.02646990804696981,0,1,0
0.007529331232131059,0.02187384057097325,0.018625767086012806,0.02187384057097325,0,1,0
0.003481899831609509,0.01440069608385546,0.011787439312967028,0.01440069608385546,0,1,0
0.008727895845993256,0.02382698344339701,0.020439330839103553,0.02382698344339701,0,1,0
0.005588576520050176,0.01850868744367845,0.01552401338505645,0.01850868744367845,0,1,0
0.009147105210089056,0.02449266482172171,0.021059390110248922,0.02449266482172171,0,1,0
0.00788511488658899,0.022461975399783795,0.01917093408085605,0.022461975399783795,0,1,0
0.005229234179275351,0.017849362388622947,0.01492020831859202,0.017849362388622947,0,1,0
0.0021478583840090697,0.011326738420241837,0.009040220277213488,0.011326738420241837,0,1,0
0.004329162324779708,0.016130801555283986,0.013353348338670627,0.016130801555283986,0,1,0
0.005912884613892072,0.019092595247953894,0.01605989736901256,0.019092595247953894,0,1,0
0.006505915960384158,0.020136032386157236,0.017020044248093984,0.020136032386157236,0,1,0
0.004264426471736998,0.016002921194058755,0.013237188943902994,0.016002921194058755,0,1,0
0.0034761327929798786,0.014388453012815218,0.011776403656283522,0.014388453012815218,0,1,0
0.008280523046285014,0.02310708740780126,0.019769858987339257,0.02310708740780126,0,1,0
0.012361837534535389,0.029368208548273357,0.025626852078406395,0.029368208548273357,0,1,0
0.005816011541411245,0.018919223914409224,0.015900675830472857,0.018919223914409224,0,1,0
0.0037110276068310056,0.014881559438938824,0.012221405216827554,0.014881559438938824,0,1,0
0.004350791979374727,0.01617338769848555,0.013392045168588957,0.01617338769848555,0,1,0
0.0020497975126543277,0.011075387364283375,0.00881794692848676,0.011075387364283375,0,1,0
0.009528117626518591,0.025090766708390746,0.021617291867075117,0.025090766708390746,0,1,0
0.003304712784814533,0.01402119934021837,0.011445686149637755,0.01402119934021837,0,1,0
0.006130240122809598,0.019478505122017868,0.01641463415877722,0.019478505122017868,0,1,0
0.004361181923672537,0.016193819334440186,0.013410613281627622,0.016193819334440186,0,1,0
0.005990129505848717,0.019230223205712785,0.016186357233215154,0.019230223205712785,0,1,0
0.006631062607308409,0.02035256281975914,0.01721967852196148,0.02035256281975914,0,1,0
0.008218072248553192,0.023005767961298468,0.01967572981934475,0.023005767961298468,0,1,0
0.003943707964889653,0.015359505778562006,0.012653723306623534,0.015359505778562006,0,1,0
0.0018243274067181806,0.010478534811839097,0.008291800006023881,0.010478534811839097,0,1,0
0.0034572119453252126,0.014348235066872763,0.011740156768715995,0.014348235066872763,0,1,0
0.009245977211855386,0.024648485575395486,0.02120466683309788,0.024648485575395486,0,1,0
0.008808876723655736,0.02395622561736599,0.020559641280312218,0.02395622561736599,0,1,0
0.0062646814814437315,0.019715149232315533,0.0166323788277932,0.019715149232315533,0,1,0
0.0062849590445463515,0.01975071000719305,0.0166651135392947,0.01975071000719305,0,1,0
0.006728681394987552,0.02052063622370992,0.017374725707395677,0.02052063622370992,0,1,0
0.0037365881819764056,0.014934555516743034,0.012269294320997494,0.014934555516743034,0,1,0
0.009530510852351504,0.025094503638202918,0.0216207799195935,0.025094503638202918,0,1,0
0.005192483909115375,0.017781148522239484,0.01485781960218023,0.017781148522239484,0,1,0
0.004989891196717005,0.017402331208424656,0.01451163638622913,0.017402331208424656,0,1,0
0.005775268255911899,0.018846045088640514,0.015833496982957707,0.018846045088640514,0,1,0
0.002572015036455051,0.012366204268486128,0.009963511628619512,0.012366204268486128,0,1,0
0.0036732539993470726,0.014803010283680959,0.012150447673614046,0.014803010283680959,0,1,0
0.007302070465413251,0.021494094300472045,0.018274215846840133,0.021494094300472045,0,1,0
0.002988877400010433,0.013326204133408178,0.01082157572195668,0.013326204133408178,0,1,0
0.00630224234401413,0.019780992856615914,0.01669299262696598,0.019780992856615914,0,1,0
0.004188268216020724,0.015851647546257484,0.013099862314084002,0.015851647546257484,0,1,0
0.005024858592539869,0.017468057649602343,0.014571665696818222,0.017468057649602343,0,1,0
0.004447606844108661,0.016363155275861546,0.0135645654694097,0.016363155275861546,0,1,0
0.0048337531140329034,0.017107033272094684,0.014242119270252169,0.017107033272094684,0,1,0
0.007143399579521434,0.021226976965794474,0.01802714945897511,0.021226976965794474,0,1,0
0.004496935079179219,0.016459320930694694,0.013652042770264893,0.016459320930694694,0,1,0
0.006066388033410894,0.019365570157843782,0.01631077622935103,0.019365570157843782,0,1,0
0.005522047645296783,0.018387634979879015,0.015413049713756113,0.018387634979879015,0,1,0
0.00671878150297093,0.020503623761087487,0.017359028265770068,0.020503623761087487,0,1,0
0.01007045147914156,0.02593157405329107,0.022402799221804617,0.02593157405329107,0,1,0
0.00725562349355378,0.021416074494253447,0.018202033702289545,0.021416074494253447,0,1,0
0.003998456451856991,0.01547055278512459,0.012754304869003478,0.01547055278512459,0,1,0
0.002322955208353112,0.011764641825173078,0.009428403035404074,0.011764641825173078,0,1,0
0.004290767103839231,0.016055032108892656,0.013284515981438117,0.016055032108892656,0,1,0
0.006249480205291988,0.01968846830990857,0.016607820660207703,0.01968846830990857,0,1,0
0.002632496104512537,0.012508896158591808,0.010090740718358438,0.012508896158591808,0,1,0
0.00564113631008168,0.018604009138604223,0.015611423242687071,0.018604009138604223,0,1,0
0.006260964984242675,0.019708627903029144,0.01662637615146734,0.019708627903029144,0,1,0
0.004711385363911392,0.01687346059827409,0.014029155939037509,0.01687346059827409,0,1,0
0.007597559017842578,0.021987215642516173,0.018730793817059284,0.021987215642516173,0,1,0
0.0032100776853865557,0.013815560289424489,0.011260778690033457,0.013815560289424489,0,1,0
0.002910346623680335,0.013149336630302355,0.010663127189297484,0.013149336630302355,0,1,0
0.007218828836049566,0.021354167662322437,0.018144769938917903,0.021354167662322437,0,1,0
0.005635975996869213,0.0185946625793309,0.015602851202056275,0.0185946625793309,0,1,0
0.006902228960691646,0.020817702780758587,0.017648955382708675,0.020817702780758587,0,1,0
0.005284184438818669,0.017951078327641055,0.015013266830568436,0.017951078327641055,0,1,0
0.004194705424515656,0.01586446909310456,0.013111498278219351,0.01586446909310456,0,1,0
0.008094615488292194,0.022804853148513105,0.01948914293640983,0.022804853148513105,0,1,0
0.007880518991874327,0.022454425652931636,0.01916393063017403,0.022454425652931636,0,1,0
0.006950418525766743,0.020899805954148542,0.01772478843106291,0.020899805954148542,0,1,0
0.004349827067225983,0.016171489398610055,0.01339032008922067,0.016171489398610055,0,1,0
0.006218073075827337,0.019633282011706818,0.016557031535133132,0.019633282011706818,0,1,0
0.00486393004970926,0.01716434077881309,0.014294399767453416,0.01716434077881309,0,1,0
0.003074082154490057,0.013516200060445589,0.010991960080137916,0.013516200060445589,0,1,0
0.009592849527283885,0.02519175782259427,0.021711566905838725,0.02519175782259427,0,1,0
0.0034566965799192255,0.01434713853242032,0.011739168606686844,0.01434713853242032,0,1,0
0.010481736218745834,0.026561541910632334,0.02299222624866017,0.026561541910632334,0,1,0
0.005348285517362833,0.018069315895025473,0.015121483522822818,0.018069315895025473,0,1,0
